{
  "meta_title": "",
  "meta_description": "",
  "sections": [
    {
      "type": "banner-slider",
      "autoplay": 9000,
      "full_width": true,
      "slides": [
        {
          "start": "",
          "end": "",
          "img": "/img/uploads/image-1.png"
        }
      ]
    },
    {
      "type": "info-bar",
      "enabled": true
    },
    {
      "type": "collection-shelf",
      "shuffle": true,
      "collection_id": null,
      "sort": "offers",
      "title": "",
      "headless": false,
      "limit": 12,
      "page": 1
    },
    {
      "type": "page-title",
      "title": "Loja demo da E-Com Plus",
      "description": "Loja de demonstração e testes da plataforma E-Com Plus e Storefront. Todos os produtos, preços e informações são meramente ilustrativos."
    }
  ]
}